{"nodes":{"node:1":{"location":{"x":710,"y":-31}},"node:13":{"location":{"x":-147,"y":-129}},"node:19":{"location":{"x":315,"y":-48}},"node:7":{"location":{"x":-147,"y":15}}},"selection":null,"view":{"scroll":{"x":-156.530624389648438,"y":-171.503829956054688},"visible_rect":{"max":{"x":850.5,"y":295.105224609375},"min":{"x":-194.5,"y":-213.105239868164062}},"zoom":0.804784715175628662}}