{"nodes":{"node:1":{"location":{"x":710,"y":-31}},"node:13":{"location":{"x":339,"y":-65}},"node:7":{"location":{"x":-99,"y":-17}}},"selection":null,"view":{"scroll":{"x":-122.14080810546875,"y":-183.309722900390625},"visible_rect":{"max":{"x":848.09991455078125,"y":266.266204833984375},"min":{"x":-144.099990844726562,"y":-216.266220092773438}},"zoom":0.847611427307128906}}