{"nodes":{"node:1":{"location":{"x":646,"y":-111}},"node:10":{"location":{"x":227,"y":-111}},"node:4":{"location":{"x":12,"y":-145}},"node:7":{"location":{"x":0,"y":0}}},"selection":null,"view":{"scroll":{"x":-62.3455734252929688,"y":-246.4942626953125},"visible_rect":{"max":{"x":825.6544189453125,"y":164.5057373046875},"min":{"x":-62.3455734252929688,"y":-246.4942626953125}},"zoom":1}}