{"nodes":{"node:1":{"location":{"x":646,"y":-111}},"node:10":{"location":{"x":227,"y":-111}},"node:4":{"location":{"x":12,"y":-145}},"node:7":{"location":{"x":0,"y":0}}},"selection":null,"view":{"scroll":{"x":-40.3636360168457031,"y":-237.725372314453125},"visible_rect":{"max":{"x":775.95001220703125,"y":158.620437622070312},"min":{"x":-36.9500007629394531,"y":-217.620437622070312}},"zoom":1.09238529205322266}}