{"nodes":{"node:1":{"location":{"x":646,"y":-111}},"node:13":{"location":{"x":-9,"y":-33}},"node:19":{"location":{"x":195,"y":-79}},"node:7":{"location":{"x":-4,"y":-97}}},"selection":null,"view":{"scroll":{"x":-50.0768089294433594,"y":-255.145111083984375},"visible_rect":{"max":{"x":776.40008544921875,"y":144.4114990234375},"min":{"x":-46.4000015258789062,"y":-236.411514282226562}},"zoom":1.07924151420593262}}