{"nodes":{"node:1":{"location":{"x":646,"y":-111}},"node:10":{"location":{"x":219,"y":-97}},"node:4":{"location":{"x":12,"y":-145}},"node:7":{"location":{"x":0,"y":0}}},"selection":null,"view":{"scroll":{"x":-40.3636360168457031,"y":-256.295928955078125},"visible_rect":{"max":{"x":775.95001220703125,"y":141.62042236328125},"min":{"x":-36.9500007629394531,"y":-234.620452880859375}},"zoom":1.09238529205322266}}