{"nodes":{"node:1":{"location":{"x":694,"y":-159}},"node:7":{"location":{"x":61,"y":-193}}},"selection":null,"view":{"scroll":{"x":26.0113964080810547,"y":-356.1453857421875},"visible_rect":{"max":{"x":823.29998779296875,"y":50.1898841857910156},"min":{"x":24.7000007629394531,"y":-338.18988037109375}},"zoom":1.05309295654296875}}