{"nodes":{"node:1":{"location":{"x":710,"y":-31}},"node:13":{"location":{"x":323,"y":-111}},"node:19":{"location":{"x":-211,"y":15}},"node:25":{"location":{"x":164,"y":159}},"node:7":{"location":{"x":-115,"y":-145}}},"selection":null,"view":{"scroll":{"x":-122.14080810546875,"y":-183.309722900390625},"visible_rect":{"max":{"x":848.09991455078125,"y":266.266204833984375},"min":{"x":-144.099990844726562,"y":-216.266220092773438}},"zoom":0.847611427307128906}}