{"nodes":{"node:1":{"location":{"x":646,"y":-111}},"node:13":{"location":{"x":211,"y":-191}},"node:19":{"location":{"x":211,"y":-31}},"node:7":{"location":{"x":-4,"y":-97}}},"selection":null,"view":{"scroll":{"x":-11.5045013427734375,"y":-283.457672119140625},"visible_rect":{"max":{"x":829.4954833984375,"y":243.542327880859375},"min":{"x":-11.5045013427734375,"y":-283.457672119140625}},"zoom":1}}