{"nodes":{"node:1":{"location":{"x":10,"y":10}},"node:4":{"location":{"x":210,"y":60}}},"selection":null,"view":{"scroll":{"x":-13.2131061553955078,"y":-81.2830810546875},"visible_rect":{"max":{"x":333.399993896484375,"y":166.21917724609375},"min":{"x":-5.40000057220458984,"y":-33.2191886901855469}},"zoom":2.44687128067016602}}