{"nodes":{"node:1":{"location":{"x":710,"y":-31}},"node:13":{"location":{"x":-147,"y":-145}},"node:19":{"location":{"x":307,"y":-48}},"node:25":{"location":{"x":315,"y":79}},"node:31":{"location":{"x":-147,"y":191}},"node:7":{"location":{"x":-163,"y":15}}},"selection":null,"view":{"scroll":{"x":-167.234420776367188,"y":-172.05035400390625},"visible_rect":{"max":{"x":851.29998779296875,"y":299.3848876953125},"min":{"x":-211.29998779296875,"y":-217.384902954101562}},"zoom":0.791454911231994629}}