{"nodes":{"node:1":{"location":{"x":646,"y":-111}},"node:13":{"location":{"x":0,"y":0}},"node:19":{"location":{"x":211,"y":-79}},"node:7":{"location":{"x":-4,"y":-97}}},"selection":null,"view":{"scroll":{"x":-42.3432655334472656,"y":-343.7618408203125},"visible_rect":{"max":{"x":776.1500244140625,"y":178.074371337890625},"min":{"x":-41.1500015258789062,"y":-334.074371337890625}},"zoom":1.02899789810180664}}