{"nodes":{"node:1":{"location":{"x":646,"y":-111}},"node:13":{"location":{"x":-9,"y":-33}},"node:19":{"location":{"x":195,"y":-79}},"node:7":{"location":{"x":-4,"y":-97}}},"selection":null,"view":{"scroll":{"x":-44.7096519470214844,"y":-290.247314453125},"visible_rect":{"max":{"x":776.15008544921875,"y":111.138717651367188},"min":{"x":-41.1500015258789062,"y":-267.138702392578125}},"zoom":1.08650422096252441}}