{"nodes":{"node:1":{"location":{"x":646,"y":-111}},"node:13":{"location":{"x":235,"y":-79}},"node:19":{"location":{"x":7,"y":31}},"node:7":{"location":{"x":12,"y":-97}}},"selection":null,"view":{"scroll":{"x":-25.6075439453125,"y":-345.52825927734375},"visible_rect":{"max":{"x":775.3499755859375,"y":172.559982299804688},"min":{"x":-24.3500022888183594,"y":-328.559967041015625}},"zoom":1.05164444446563721}}