{"nodes":{"node:1":{"location":{"x":854,"y":176}},"node:7":{"location":{"x":464,"y":176}}},"selection":null,"view":{"scroll":{"x":559.6434326171875,"y":82.2788925170898438},"visible_rect":{"max":{"x":971.15008544921875,"y":385.333160400390625},"min":{"x":439.8499755859375,"y":64.666839599609375}},"zoom":1.27235066890716553}}