{"nodes":{"node:1":{"location":{"x":518,"y":96}},"node:7":{"location":{"x":-35,"y":47}}},"selection":["node:7"],"view":{"scroll":{"x":-80.8812332153320312,"y":-96.6270675659179688},"visible_rect":{"max":{"x":643.29998779296875,"y":272.40185546875},"min":{"x":-67.3000030517578125,"y":-80.4018630981445312}},"zoom":1.20180130004882812}}