{"nodes":{"node:1":{"location":{"x":518,"y":96}},"node:7":{"location":{"x":29,"y":63}}},"selection":["node:7"],"view":{"scroll":{"x":-34.3904991149902344,"y":-38.1866607666015625},"visible_rect":{"max":{"x":695.9736328125,"y":286.152313232421875},"min":{"x":-55.9736862182617188,"y":-62.1522903442382812}},"zoom":0.614404737949371338}}