{"nodes":{"node:1":{"location":{"x":854,"y":176}},"node:7":{"location":{"x":464,"y":176}}},"selection":null,"view":{"scroll":{"x":540.239990234375,"y":110.310989379882812},"visible_rect":{"max":{"x":1005.98663330078125,"y":325.523345947265625},"min":{"x":542.25958251953125,"y":110.723365783691406}},"zoom":0.996275663375854492}}