{"nodes":{"node:1":{"location":{"x":518,"y":96}},"node:7":{"location":{"x":29,"y":63}}},"selection":["node:7"],"view":{"scroll":{"x":-0.133396342396736145,"y":-62.5966606140136719},"visible_rect":{"max":{"x":640.09991455078125,"y":270.925537109375},"min":{"x":-0.100000388920307159,"y":-46.9255027770996094}},"zoom":1.33395826816558838}}