{"nodes":{"node:1":{"location":{"x":518,"y":96}},"node:7":{"location":{"x":29,"y":63}}},"selection":["node:7"],"view":{"scroll":{"x":-27.37884521484375,"y":32.172607421875},"visible_rect":{"max":{"x":1102.16162109375,"y":608.230224609375},"min":{"x":-36.5051307678222656,"y":42.8968162536621094}},"zoom":0.749999940395355225}}