{"nodes":{"node:1":{"location":{"x":854,"y":176}},"node:7":{"location":{"x":464,"y":176}}},"selection":null,"view":{"scroll":{"x":413.9271240234375,"y":52.745025634765625},"visible_rect":{"max":{"x":1089.92724609375,"y":460.745086669921875},"min":{"x":413.92718505859375,"y":52.7450332641601562}},"zoom":0.999999880790710449}}