{"nodes":{"node:1":{"location":{"x":822,"y":32}},"node:13":{"location":{"x":403,"y":15}},"node:19":{"location":{"x":-35,"y":-97}},"node:25":{"location":{"x":488,"y":-91}},"node:7":{"location":{"x":-35,"y":31}}},"selection":null,"view":{"scroll":{"x":-138.478988647460938,"y":-133.708221435546875},"visible_rect":{"max":{"x":936.69476318359375,"y":367.055755615234375},"min":{"x":-184.638671875,"y":-178.27764892578125}},"zoom":0.749999940395355225}}