{"nodes":{"node:1":{"location":{"x":774,"y":32}},"node:13":{"location":{"x":-35,"y":-81}},"node:19":{"location":{"x":-16,"y":160}},"node:7":{"location":{"x":-35,"y":31}}},"selection":null,"view":{"scroll":{"x":-69.6758499145507812,"y":-140.992431640625},"visible_rect":{"max":{"x":1028.432373046875,"y":357.343475341796875},"min":{"x":-92.9011459350585938,"y":-187.98992919921875}},"zoom":0.749999940395355225}}