{"nodes":{"node:1":{"location":{"x":822,"y":0}},"node:13":{"location":{"x":395,"y":-15}},"node:19":{"location":{"x":-67,"y":79}},"node:25":{"location":{"x":371,"y":-15}},"node:7":{"location":{"x":-35,"y":-81}}},"selection":null,"view":{"scroll":{"x":-66.3947372436523438,"y":-205.707183837890625},"visible_rect":{"max":{"x":962.5,"y":252.605224609375},"min":{"x":-82.5,"y":-255.605239868164062}},"zoom":0.804784715175628662}}