{"nodes":{"node:1":{"location":{"x":822,"y":32}},"node:13":{"location":{"x":-35,"y":191}},"node:19":{"location":{"x":436,"y":208}},"node:25":{"location":{"x":482,"y":95}},"node:7":{"location":{"x":-35,"y":31}}},"selection":null,"view":{"scroll":{"x":-66.3947372436523438,"y":-140.117218017578125},"visible_rect":{"max":{"x":962.5,"y":334.105255126953125},"min":{"x":-82.5,"y":-174.105224609375}},"zoom":0.804784715175628662}}