{"nodes":{"node:1":{"location":{"x":822,"y":32}},"node:13":{"location":{"x":-35,"y":47}},"node:19":{"location":{"x":387,"y":-31}},"node:7":{"location":{"x":-35,"y":-81}}},"selection":null,"view":{"scroll":{"x":-66.3947372436523438,"y":-205.707183837890625},"visible_rect":{"max":{"x":962.5,"y":252.605224609375},"min":{"x":-82.5,"y":-255.605239868164062}},"zoom":0.804784715175628662}}