{"nodes":{"node:1":{"location":{"x":902,"y":192}},"node:13":{"location":{"x":29,"y":191}},"node:19":{"location":{"x":435,"y":128}},"node:7":{"location":{"x":13,"y":79}}},"selection":null,"view":{"scroll":{"x":-22.5917453765869141,"y":-104.809097290039062},"visible_rect":{"max":{"x":1044.0999755859375,"y":484.4775390625},"min":{"x":-36.1000022888183594,"y":-167.47747802734375}},"zoom":0.625810086727142334}}