{"nodes":{"node:1":{"location":{"x":902,"y":192}},"node:13":{"location":{"x":66,"y":238}},"node:19":{"location":{"x":526,"y":178}},"node:7":{"location":{"x":29,"y":79}}},"selection":["node:7"],"view":{"scroll":{"x":-8.51120662689208984,"y":-85.6153030395507812},"visible_rect":{"max":{"x":1052.0098876953125,"y":421.039337158203125},"min":{"x":-10.5901737213134766,"y":-106.527900695800781}},"zoom":0.803689002990722656}}