{"nodes":{"node:1":{"location":{"x":902,"y":192}},"node:13":{"location":{"x":77,"y":295}},"node:19":{"location":{"x":502,"y":104}},"node:25":{"location":{"x":370,"y":-65}},"node:7":{"location":{"x":13,"y":79}}},"selection":null,"view":{"scroll":{"x":-12.9865407943725586,"y":-87.8488693237304688},"visible_rect":{"max":{"x":1043.3001708984375,"y":447.55694580078125},"min":{"x":-19.2999992370605469,"y":-130.55694580078125}},"zoom":0.672877788543701172}}