{"nodes":{"node:1":{"location":{"x":902,"y":192}},"node:7":{"location":{"x":29,"y":79}}},"selection":null,"view":{"scroll":{"x":-15.5111970901489258,"y":-84.6153030395507812},"visible_rect":{"max":{"x":1043.300048828125,"y":422.283599853515625},"min":{"x":-19.2999992370605469,"y":-105.283638000488281}},"zoom":0.803689002990722656}}