{"nodes":{"node:1":{"location":{"x":918,"y":144}},"node:13":{"location":{"x":222,"y":271}},"node:19":{"location":{"x":710,"y":275}},"node:7":{"location":{"x":29,"y":47}}},"selection":null,"view":{"scroll":{"x":-12.8909587860107422,"y":69.6854324340820312},"visible_rect":{"max":{"x":1063.89453125,"y":624.44842529296875},"min":{"x":-16.3054008483886719,"y":88.1430892944335938}},"zoom":0.790594398975372314}}