{"nodes":{"node:1":{"location":{"x":902,"y":192}},"node:13":{"location":{"x":147,"y":287}},"node:19":{"location":{"x":547,"y":186}},"node:7":{"location":{"x":29,"y":79}}},"selection":null,"view":{"scroll":{"x":46.8920021057128906,"y":-79.1507720947265625},"visible_rect":{"max":{"x":1201.1895751953125,"y":459.799041748046875},"min":{"x":62.5226783752441406,"y":-105.534378051757812}},"zoom":0.749999880790710449}}