{"nodes":{"node:1":{"location":{"x":774,"y":160}},"node:13":{"location":{"x":29,"y":207}},"node:19":{"location":{"x":411,"y":144}},"node:7":{"location":{"x":13,"y":79}}},"selection":null,"view":{"scroll":{"x":2.26922607421875,"y":77.8969268798828125},"visible_rect":{"max":{"x":717.26922607421875,"y":466.89691162109375},"min":{"x":2.26922607421875,"y":77.8969268798828125}},"zoom":1}}